-- Enter the SQL database.
USE `global-GoalFlow`;
SET FOREIGN_KEY_CHECKS = 0;





-- ========== USERS (40 rows)  ==========
INSERT INTO users (id, firstName, middleName, lastName, phoneNumber, email, role, planType, manages)
VALUES
-- 1..4: Personas (must be first four)
(1,     'Avery',  NULL, 'Reyes',     '555-1001', 'avery.reyes@example.com',     'user',     'standard',    NULL), -- Freelance Designer
(2,     'Alan',   'J.', 'Jaden',     '555-1002', 'alan.jaden@university.edu',   'user',     'standard',    NULL), -- Dr. Alan
(3,     'Jose',   NULL, 'Rivera',    '555-1003', 'jose@goalflow.co',            'admin',    'enterprise',  NULL), -- Jose
(4,     'Jack',   NULL, 'Morris',    '555-1004', 'jack.morris@meta.example',    'manager',  'enterprise',  NULL), -- Jack
-- 5..40: Additional realistic users to fill out dataset
(5,     'Taylor', NULL, 'Nguyen',    '555-1005', 'taylor.nguyen@example.com',   'user',     'free',        2),
(6,     'Sam',    NULL, 'Patel',     '555-1006', 'sam.patel@example.com',       'user',     'free',        2),
(7,     'Maya',   NULL, 'Ortiz',     '555-1007', 'maya.ortiz@example.com',      'user',     'standard',    2),
(8,     'Priya',  NULL, 'Singh',     '555-1008', 'priya.singh@example.com',     'user',     'standard',    3),
(9,     'Omar',   NULL, 'Khan',      '555-1009', 'omar.khan@example.com',       'user',     'free',        3),
(10,    'Lena',   NULL, 'Gonzalez',  '555-1010', 'lena.gonzalez@example.com',   'user',     'standard',    3),
(11,    'Noah',   NULL, 'White',     '555-1011', 'noah.white@example.com',      'user',     'free',        2),
(12,    'Ivy',    NULL, 'Cole',      '555-1012', 'ivy.cole@example.com',        'user',     'standard',    5),
(13,    'Ben',    NULL, 'Miller',    '555-1013', 'ben.miller@example.com',      'user',     'free',        5),
(14,    'Rosa',   NULL, 'Torres',    '555-1014', 'rosa.torres@example.com',     'user',     'standard',    2),
(15,    'Ethan',  NULL, 'Gomez',     '555-1015', 'ethan.gomez@example.com',     'user',     'free',        3),
(16,    'Zoe',    NULL, 'Hart',      '555-1016', 'zoe.hart@example.com',        'user',     'standard',    3),
(17,    'Miguel', NULL, 'Reyes',     '555-1017', 'miguel.reyes@example.com',    'user',     'free',        4),
(18,    'Lila',   NULL, 'Bennett',   '555-1018', 'lila.bennett@example.com',    'user',     'standard',    4),
(19,    'Connor', NULL, 'Walsh',     '555-1019', 'connor.walsh@example.com',    'user',     'free',        3),
(20,    'Asha',   NULL, 'Desai',     '555-1020', 'asha.desai@example.com',      'user',     'standard',    2),
(21,    'Ravi',   NULL, 'Kapoor',    '555-1021', 'ravi.kapoor@example.com',     'user',     'free',        3),
(22,    'Nina',   NULL, 'Park',      '555-1022', 'nina.park@example.com',       'user',     'standard',    2),
(23,    'Carl',   NULL, 'Bell',      '555-1023', 'carl.bell@example.com',       'user',     'free',        5),
(24,    'Marta',  NULL, 'Santos',    '555-1024', 'marta.santos@example.com',    'user',     'standard',    5),
(25,    'Hank',   NULL, 'Yates',     '555-1025', 'hank.yates@example.com',      'user',     'free',        2),
(26,    'Gina',   NULL, 'Ivers',     '555-1026', 'gina.ivers@example.com',      'user',     'standard',    2),
(27,    'Leo',    NULL, 'Park',      '555-1027', 'leo.park@example.com',        'user',     'free',        4),
(28,    'Wendy',  NULL, 'Lopez',     '555-1028', 'wendy.lopez@example.com',     'user',     'standard',    4),
(29,    'Tomas',  NULL, 'Silva',     '555-1029', 'tomas.silva@example.com',     'user',     'free',        2),
(30,    'Kara',   NULL, 'Evans',     '555-1030', 'kara.evans@example.com',      'user',     'standard',    2),
(31,    'Drew',   NULL, 'Fleming',   '555-1031', 'drew.fleming@example.com',    'user',     'free',        3),
(32,    'Hana',   NULL, 'Kato',      '555-1032', 'hana.kato@example.com',       'user',     'standard',    3),
(33,    'Oli',    NULL, 'Simmons',   '555-1033', 'oli.simmons@example.com',     'user',     'free',        2),
(34,    'Bea',    NULL, 'Marshall',  '555-1034', 'bea.marshall@example.com',    'user',     'standard',    3),
(35,    'Arun',   NULL, 'Shah',      '555-1035', 'arun.shah@example.com',       'user',     'free',        2),
(36,    'Jill',   NULL, 'Parker',    '555-1036', 'jill.parker@example.com',     'user',     'standard',    5),
(37,    'Kyle',   NULL, 'Reid',      '555-1037', 'kyle.reid@example.com',       'user',     'free',        3),
(38,    'Sofia',  NULL, 'Mendez',    '555-1038', 'sofia.mendez@example.com',    'user',     'standard',    4),
(39,    'Paul',   NULL, 'Nash',      '555-1039', 'paul.nash@example.com',       'user',     'free',        2),
(40,    'Rina',   NULL, 'Okafor',    '555-1040', 'rina.okafor@example.com',     'user',     'standard',    2);





-- ========== TAGS (30 rows) ==========
INSERT INTO tags (id, name, color)
VALUES
(1,     'Urgent',        '#ff0000'),
(2,     'Feature',       '#00aaff'),
(3,     'Bug',           '#ff8800'),
(4,     'Research',      '#ffd700'),
(5,     'Personal',      '#ff00ff'),
(6,     'Maintenance',   '#008800'),
(7,     'LowPriority',   '#cccccc'),
(8,     'HighPriority',  '#cc0000'),
(9,     'UX',            '#ff66cc'),
(10,    'Backend',       '#3333ff'),
(11,    'Frontend',      '#33ccff'),
(12,    'DevOps',        '#00cc66'),
(13,    'Analytics',     '#6600ff'),
(14,    'Design',        '#ff9966'),
(15,    'QA',            '#ff0066'),
(16,    'Security',      '#990000'),
(17,    'Customer',      '#0066ff'),
(18,    'Integration',   '#009999'),
(19,    'Alpha',         '#66ff66'),
(20,    'Experiment',    '#9999ff'),
(21,    'Onboarding',    '#ffcc00'),
(22,    'Docs',          '#777777'),
(23,    'Mobile',        '#cc99ff'),
(24,    'Web',           '#339900'),
(25,    'Performance',   '#ff4444'),
(26,    'Compliance',    '#4444ff'),
(27,    'Refactor',      '#aaaaaa'),
(28,    'Sprint',        '#00aa88'),
(29,    'Holiday',       '#ffb6c1'),
(30,    'Ideas',         '#a0522d');





-- ========== POSTS (40 rows) ==========
INSERT INTO posts (id, authorId, title, metaTitle, createdAt, updatedAt, publishedAt, content)
VALUES
-- 1..8: Persona Posts
(1,     1,  'My Portfolio Process',                  NULL, '2025-05-03 09:00:00', NULL, '2025-05-03 09:00:00', 'Phase-driven workflow: research → sketches → deliverables.'),
(2,     1,  'Daily Creative Habit Tips',             NULL, '2025-06-01 08:30:00', NULL, '2025-06-01 08:30:00', 'How to keep a daily sketch habit as a freelancer.'),
(3,     2,  'Balancing Research & Teaching',         NULL, '2024-09-01 10:00:00', NULL, '2024-09-01 10:00:00', 'Strategies to keep research progress while teaching.'),
(4,     2,  'Robust Estimators — Paper Plan',        NULL, '2025-01-15 11:00:00', NULL, '2025-01-15 11:00:00', 'Outline and milestones for the statistical paper.'),
(5,     3,  'Ops: How We Triage Bugs',               NULL, '2024-06-10 09:00:00', NULL, '2024-06-10 09:00:00', 'Triage rules and prioritization for sysadmins.'),
(6,     3,  'Community AMA: Office Hours',           NULL, '2025-07-01 12:00:00', NULL, '2025-07-01 12:00:00', 'Monthly office hours: ask the founder anything.'),
(7,     4,  'Finance: Weekly P&L Snapshot',          NULL, '2025-02-01 08:00:00', NULL, '2025-02-01 08:00:00', 'How I review revenue and expenses each morning.'),
(8,     4,  'Plan to Increase Profit 5%',            NULL, '2025-02-02 09:00:00', NULL, '2025-02-02 09:00:00', 'Tactics and daily adjustments to reach profit targets.'),
-- 8..40: Additional realistic users posts to fill out dataset
(9,     5,  'Onboarding Checklist Improvements',     NULL, '2025-03-01 09:30:00', NULL, '2025-03-01 09:30:00', 'Checklist to reduce time-to-value for new users.'),
(10,    6,  'Release Notes — April',                 NULL, '2025-04-02 10:00:00', NULL, '2025-04-02 10:00:00', 'What shipped in April.'),
(11,    7,  'Design Tokens Update',                  NULL, '2025-05-05 11:00:00', NULL, '2025-05-05 11:00:00', 'Updated spacing and color tokens.'),
(12,    8,  'Performance Benchmark Results',         NULL, '2025-05-10 15:00:00', NULL, '2025-05-10 15:00:00', 'Benchmarks after DB and cache changes.'),
(13,    9,  'Mobile Layout Fixes',                   NULL, '2025-05-20 09:00:00', NULL, '2025-05-20 09:00:00', 'Fixes for iOS and Android UI issues.'),
(14,    10, 'How to Write Better Docs',              NULL, '2025-06-01 09:00:00', NULL, '2025-06-01 09:00:00', 'Structure and tone guidance for docs.'),
(15,    11, 'QA: Running Regressions Locally',       NULL, '2025-06-05 10:00:00', NULL, '2025-06-05 10:00:00', 'How to run regression suite on dev machine.'),
(16,    12, 'User Story Examples',                   NULL, '2025-06-10 09:00:00', NULL, '2025-06-10 09:00:00', 'Good templates for writing stories.'),
(17,    13, 'Analytics: Retention Cohort',           NULL, '2025-07-01 08:00:00', NULL, '2025-07-01 08:00:00', 'Breaking down cohorts for retention analysis.'),
(18,    14, 'Security Checklist',                    NULL, '2025-07-05 09:00:00', NULL, '2025-07-05 09:00:00', 'Checklist for release security review.'),
(19,    15, 'Ideas Board: Feature Suggestions',      NULL, '2025-07-08 10:00:00', NULL, '2025-07-08 10:00:00', 'Collecting feature ideas from customers.'),
(20,    16, 'Refactor: Notifications Service',       NULL, '2025-07-10 11:00:00', NULL, '2025-07-10 11:00:00', 'Why the service was refactored.'),
(21,    17, 'Partner Integration Notes',             NULL, '2025-07-14 09:30:00', NULL, '2025-07-14 09:30:00', 'Docs for partner connectors.'),
(22,    18, 'Holiday Release Plan',                  NULL, '2025-07-20 12:00:00', NULL, '2025-07-20 12:00:00', 'Planned features for holiday campaign.'),
(23,    19, 'Community Highlights',                  NULL, '2025-07-25 15:00:00', NULL, '2025-07-25 15:00:00', 'Top community contributions this month.'),
(24,    20, 'Daily Habit: 10-minute Write',          NULL, '2025-07-28 07:00:00', NULL, '2025-07-28 07:00:00', 'How short daily habits build consistency.'),
(25,    21, 'DB Backup Best Practices',              NULL, '2025-07-30 09:00:00', NULL, '2025-07-30 09:00:00', 'Backup strategies and retention'),
(26,    22, 'Integrations: Zapier Guide',            NULL, '2025-08-01 10:00:00', NULL, '2025-08-01 10:00:00', 'Connect GoalFlow to Zapier.'),
(27,    23, 'UX Microcopy Examples',                 NULL, '2025-08-02 09:30:00', NULL, '2025-08-02 09:30:00', 'CTAs and label examples.'),
(28,    24, 'Sprint Plan Template',                  NULL, '2025-08-03 08:45:00', NULL, '2025-08-03 08:45:00', 'Template for sprint planning.'),
(29,    25, 'How to Set Priorities',                 NULL, '2025-08-04 10:20:00', NULL, '2025-08-04 10:20:00', 'Priority framework for teams.'),
(30,    26, 'Refactor: Jobs Queue',                  NULL, '2025-08-05 11:00:00', NULL, '2025-08-05 11:00:00', 'Improve reliability of background jobs.'),
(31,    27, 'Experiment Backlog',                    NULL, '2025-08-06 09:00:00', NULL, '2025-08-06 09:00:00', 'Ideas and experiments to test.'),
(32,    28, 'Design Roadmap Q3',                     NULL, '2025-08-07 10:00:00', NULL, '2025-08-07 10:00:00', 'Planned design initiatives for Q3.'),
(33,    29, 'Monthly Metrics - July',                NULL, '2025-08-08 08:00:00', NULL, '2025-08-08 08:00:00', 'Key metrics for July.'),
(34,    30, 'Projection Charts',                     NULL, '2025-08-09 09:00:00', NULL, '2025-08-09 09:00:00', 'Charts to help long-term planning.'),
(35,    31, 'API Pagination Best Practices',         NULL, '2025-08-09 11:00:00', NULL, '2025-08-09 11:00:00', 'Cursor vs page-number discussion.'),
(36,    32, 'Community Forum: Getting Started',      NULL, '2025-08-09 12:00:00', NULL, '2025-08-09 12:00:00', 'How to engage in the forum constructively.'),
(37,    33, 'Retention Experiment Plan',             NULL, '2025-08-09 13:00:00', NULL, '2025-08-09 13:00:00', 'Design for increasing retention.'),
(38,    34, 'Docs: Release Notes Style',             NULL, '2025-08-09 14:00:00', NULL, '2025-08-09 14:00:00', 'Tone and structure guidance.'),
(39,    35, 'Bug Bash: How to Run One',              NULL, '2025-08-09 15:00:00', NULL, '2025-08-09 15:00:00', 'Run an effective bug-finding session.'),
(40,    36, 'Community Spotlight: Volunteer',        NULL, '2025-08-09 16:00:00', NULL, '2025-08-09 16:00:00', 'Highlight a community volunteer.');





-- ========== POSTS_TAGS (40 rows) ==========
INSERT INTO posts_tags (post_id, tag_id)
VALUES
-- 1..8: Persona Posts
(1,     14),
(2,     5),
(3,     4),
(4,     4),
(5,     12),
(6,     21),
(7,     25),
(8,     25),
-- 8..40: Additional realistic users posts to fill out dataset
(9,     21),
(10,    2),
(11,    14),
(12,    25),
(13,    23),
(14,    22),
(15,    15),
(16,    28),
(17,    13),
(18,    16),
(19,    30),
(20,    27),
(21,    18),
(22,    29),
(23,    21),
(24,    5),
(25,    6),
(26,    18),
(27,    9),
(28,    28),
(29,    8),
(30,    27),
(31,    20),
(32,    14),
(33,    13),
(34,    13),
(35,    11),
(36,    21),
(37,    20),
(38,    22),
(39,    15),
(40,    21);





-- ========== POST_REPLY (150 rows) ==========
INSERT INTO post_reply (id, userId, postId, title, createdAt, publishedAt, content)
VALUES
(1,     5,     1,  'Nice structure — thanks!',          '2025-05-03 10:02:00', '2025-05-03 10:02:00', 'This structure makes it easy to plan milestones. Do you use a template for case studies?'),
(2,     6,     1,  'Do you timebox phases?',            '2025-05-03 10:18:00', NULL,                  'Do you set fixed timeboxes for research vs. build, or let them flex by project?'),
(3,     1,     2,  'Love the habit idea',               '2025-06-01 09:05:00', '2025-06-01 09:05:00', 'I’ve been doing a 20-minute sketch a day — your prompt list idea is helpful.'),
(4,     7,     3,  'Balancing tips are great',          '2024-09-01 11:30:00', NULL,                  'Scheduling fixed research blocks around class time is exactly what I needed.'),
(5,     8,     4,  'Suggestion for simulations',        '2025-01-16 09:35:00', NULL,                  'Consider adding a reproducibility subsection (random seeds, environment) to the methods.'),
(6,     3,     5,  'Nice triage flow',                  '2024-06-11 09:20:00', '2024-06-11 09:20:00', 'I like the three-bucket approach. Would it help to mark paid-customer bugs differently?'),
(7,     9,     6,  'Will the AMA be recorded?',         '2025-07-01 13:05:00', NULL,                  'I’m in a different timezone — will you post a recording for those who can’t attend?'),
(8,     10,    7,  'Recurring vs one-offs',             '2025-02-01 09:20:00', NULL,                  'When you snapshot P&L, do you separate recurring revenue from one-offs?'),
(9,     11,    8,  'Benchmark scripts share?',          '2025-05-10 15:32:00', NULL,                  'Can you share the scripts or command-line steps you used for the benchmarks?'),
(10,    12,    9,  'Thanks — mobile fix confirmed',     '2025-05-20 10:05:00', NULL,                  'Confirming the Android overlap was resolved — thanks for the quick turnaround.'),
(11,    13,    10, 'Docs snippet request',              '2025-06-01 10:05:00', NULL,                  'A short code example for the API export would help adoption — could you add one?'),
(12,    14,    11, 'QA tip on flakiness',               '2025-06-05 11:05:00', NULL,                  'Start by quarantining flaky tests and adding deterministic seeds where possible.'),
(13,    15,    12, 'Acceptance criteria suggestion',    '2025-06-10 09:35:00', NULL,                  'Nice examples — could you add an acceptance-criteria template?'),
(14,    16,    13, 'Try weekly buckets',                '2025-07-01 09:35:00', NULL,                  'Splitting retention into weekly cohorts often surfaces short-term changes faster.'),
(15,    17,    14, 'Dependency checklist',              '2025-07-05 10:05:00', NULL,                  'Add a dependency-review step to the security checklist (licenses + CVEs).'),
(16,    18,    15, 'Collect votes on features',         '2025-07-08 11:10:00', NULL,                  'Maybe add an upvote count so the team sees priority from users.'),
(17,    19,    16, 'Latency improved — nice',           '2025-07-10 12:10:00', NULL,                  'After the refactor we saw a 15% median latency improvement — well done!'),
(18,    20,    17, 'Connector SDK idea',                '2025-07-14 10:20:00', NULL,                  'A small SDK for partners would make integrations much easier to adopt.'),
(19,    21,    18, 'Coordinate marketing early',        '2025-07-20 13:10:00', NULL,                  'If this goes live during the holidays, loop in marketing three weeks ahead with assets.'),
(20,    22,    19, 'Great spotlight — thanks',          '2025-07-25 16:10:00', NULL,                  'Love seeing community contributions highlighted — keeps people engaged.'),
(21,    23,    20, 'Short habit advice',                '2025-07-28 08:05:00', NULL,                  'Short, daily practices scale — 10 minutes a day is a manageable start for most.'),
(22,    24,    21, 'Backup restore test',               '2025-07-30 09:35:00', NULL,                  'Don’t forget to test restores end-to-end on at least one backup monthly.'),
(23,    25,    22, 'Webhook example added',             '2025-08-01 10:40:00', NULL,                  'Thanks — the webhook transform example clarified a lot for our integration team.'),
(24,    26,    23, 'Shorter CTAs help',                 '2025-08-02 10:10:00', NULL,                  'On mobile, concise CTAs have higher tap rates — consider 2–3 words max.'),
(25,    27,    24, 'Retro: add capacity row',           '2025-08-03 09:05:00', NULL,                  'Add engineer capacity to the sprint template so planning is realistic.'),
(26,    28,    25, 'Prioritize by impact',              '2025-08-04 11:10:00', NULL,                  'Triage bugs by customer impact (revenue + active users) to focus effort.'),
(27,    29,    26, 'Batching wins',                     '2025-08-05 11:45:00', NULL,                  'Batching small jobs reduced overall queue pressure by 30% in our last rollout.'),
(28,    30,    27, 'Segment experiment cohorts',        '2025-08-06 09:35:00', NULL,                  'Recommend at least 3 cohorts to avoid noise.'),
(29,    31,    28, 'Accessibility note',                '2025-08-07 10:45:00', NULL,                  'When you publish the roadmap, add an accessibility row for each item to track compliance.'),
(30,    32,    29, 'Weekly metrics suggestion',         '2025-08-08 08:15:00', NULL,                  'Consider a short executive summary of the top 3 metrics so stakeholders can scan quickly.'),
(31,    33,    30, 'Export CSV please',                 '2025-08-09 09:05:00', NULL,                  'CSV export would make sharing these charts much easier.'),
(32,    34,    31, 'Pagination question',               '2025-08-09 11:10:00', NULL,                  'Do you support cursor pagination for large datasets?'),
(33,    35,    32, 'Welcome tip',                       '2025-08-09 12:10:00', NULL,                  'A pinned “how to get started” thread helps new users.'),
(34,    36,    33, 'Experiment tweak',                  '2025-08-09 13:20:00', NULL,                  'Use longer test windows for retention signals to reduce noise.'),
(35,    37,    34, 'Docs style note',                   '2025-08-09 14:20:00', NULL,                  'Keep release notes to 3–5 bullets for quick scanning.'),
(36,    38,    35, 'Bug bash logistics',                '2025-08-09 15:20:00', NULL,                  'Set teams and target areas, and publish a short how-to.'),
(37,    39,    36, 'Community shoutout',                '2025-08-09 16:20:00', NULL,                  'Thanks to volunteers for moderation — great work!'),
(38,    40,    37, 'Retention baseline',                '2025-08-09 17:00:00', NULL,                  'Use 30-day retention as a baseline and measure lift vs. it.'),
(39,    1,     3,  'Prof insight',                      '2024-09-02 09:00:00', NULL,                  'Useful tips on balancing class prep and research.'),
(40,    2,     4,  'Paper plan review',                 '2025-01-16 10:20:00', NULL,                  'I propose adding a bootstrap section to simulate robustness.'),
(41,    3,     5,  'Ops follow-up',                     '2024-06-12 09:30:00', NULL,                  'Would you accept contributions on triage rules?'),
(42,    4,     7,  'Finance follow-up',                 '2025-02-01 10:00:00', NULL,                  'I can share a P&L template for teams.'),
(43,    5,     8,  'Release question',                  '2025-04-03 10:30:00', NULL,                  'Any breaking changes to note?'),
(44,    6,     9,  'Mobile confirm',                    '2025-05-21 11:20:00', NULL,                  'iOS fix confirmed in next build.'),
(45,    7,     10, 'Docs sample added',                 '2025-06-02 10:05:00', NULL,                  'Added sample snippet for the export endpoint.'),
(46,    8,     11, 'QA automation tip',                 '2025-06-06 12:00:00', NULL,                  'Flaky tests: add consistent seeding.'),
(47,    9,     12, 'Perf configure',                    '2025-06-11 15:20:00', NULL,                  'Benchmark harness simplified and scripts posted.'),
(48,    10,    13, 'Design tweak',                      '2025-07-02 09:00:00', NULL,                  'Increased spacing on cards, looks cleaner.'),
(49,    11,    14, 'Security addendum',                 '2025-07-06 09:30:00', NULL,                  'Add dependency checks to CI.'),
(50,    12,    15, 'Idea upvote',                       '2025-07-09 11:00:00', NULL,                  'I upvote the experimental approach.'),
(51,    13,    16, 'Refactor check',                    '2025-07-11 13:00:00', NULL,                  'Unit tests passed locally.'),
(52,    14,    17, 'Connector note',                    '2025-07-15 10:00:00', NULL,                  'Connector docs include auth examples now.'),
(53,    15,    18, 'Holiday assets',                    '2025-07-21 12:15:00', NULL,                  'Marketing assets are ready.'),
(54,    16,    19, 'Community thumbs',                  '2025-07-26 16:00:00', NULL,                  'Nice community contributions — congrats!'),
(55,    17,    20, 'Habit reminder',                    '2025-07-29 08:00:00', NULL,                  'Short habits compound over time.'),
(56,    18,    21, 'DB tip',                            '2025-07-31 09:10:00', NULL,                  'Rotate backups monthly and test restores.'),
(57,    19,    22, 'Zapier sample',                     '2025-08-01 11:45:00', NULL,                  'Webhook transform clarified. Thanks!'),
(58,    20,    23, 'Microcopy done',                    '2025-08-02 10:30:00', NULL,                  'Finalized labels for the new UI.'),
(59,    21,    24, 'Sprint tweak',                      '2025-08-03 09:25:00', NULL,                  'Added acceptance matrix.'),
(60,    22,    25, 'Priority dispatch',                 '2025-08-04 12:55:00', NULL,                  'Assigned resources to top items.'),
(61,    23,    26, 'Queue resolved',                    '2025-08-05 14:20:00', NULL,                  'Backlog reduced by 30%.'),
(62,    24,    27, 'Experiment notes',                  '2025-08-06 10:05:00', NULL,                  'Updated experiment doc.'),
(63,    25,    28, 'Design sync 2',                     '2025-08-07 10:25:00', NULL,                  'Sync completed; components updated.'),
(64,    26,    29, 'Metrics confirm',                   '2025-08-08 08:30:00', NULL,                  'Checked alert thresholds.'),
(65,    27,    30, 'API sample 2',                      '2025-08-09 09:20:00', NULL,                  'Cursor snippet added.'),
(66,    28,    31, 'Forum help',                        '2025-08-09 12:50:00', NULL,                  'Guided new user to docs.'),
(67,    29,    32, 'Retention follow',                  '2025-08-09 14:10:00', NULL,                  'Maybe segment by signup source.'),
(68,    30,    33, 'Metrics small',                     '2025-08-09 15:20:00', NULL,                  'Include AOV in monthly report.'),
(69,    31,    34, 'Proj request',                      '2025-08-09 16:30:00', NULL,                  'Add CSV export for projections.'),
(70,    32,    35, 'Pagination answer 2',               '2025-08-09 17:40:00', NULL,                  'Cursor recommended for large datasets.'),
(71,    33,    36, 'Forum welcome',                     '2025-08-09 18:00:00', NULL,                  'Welcome to the community! Start with our guide.'),
(72,    34,    37, 'Experiment feedback',               '2025-08-09 19:00:00', NULL,                  'Consider alternative segmentations.'),
(73,    35,    38, 'Docs update',                       '2025-08-09 20:00:00', NULL,                  'Updated release notes template.'),
(74,    36,    39, 'Bug bash',                          '2025-08-09 20:30:00', NULL,                  'I will join the bug bash on Friday.'),
(75,    37,    40, 'Community thanks',                  '2025-08-09 21:00:00', NULL,                  'Thanks for spotlighting volunteers.'),
(76,    1,     5,  'Ops QA note',                       '2024-06-12 11:00:00', NULL,                  'Triage board looks good.'),
(77,    2,     1,  'Prof: design idea',                 '2025-05-04 08:00:00', NULL,                  'Consider a rubric to evaluate case studies.'),
(78,    3,     6,  'AMA logistics',                     '2025-06-30 10:00:00', NULL,                  'Will the AMA be recorded and posted?'),
(79,    4,     7,  'Finance note',                      '2025-02-02 08:15:00', NULL,                  'Add a recurring revenue row to spreadsheet.'),
(80,    5,     8,  'Release praise',                    '2025-04-03 11:00:00', NULL,                  'Nice incremental improvements.'),
(81,    6,     9,  'Mobile QA',                         '2025-05-21 11:00:00', NULL,                  'Regression tests updated.'),
(82,    7,     10, 'Doc tweak',                         '2025-06-03 09:30:00', NULL,                  'Clarified the CLI example.'),
(83,    8,     11, 'Design thumbs',                     '2025-06-07 10:10:00', NULL,                  'Agree with updated tokens.'),
(84,    9,     12, 'Perf follow-up',                    '2025-06-11 16:00:00', NULL,                  'Added profiling outputs.'),
(85,    10,    13, 'Mobile improvement',                '2025-07-03 09:45:00', NULL,                  'Resolved with CSS fix.'),
(86,    11,    14, 'Security note 2',                   '2025-07-07 11:00:00', NULL,                  'Link added to checklist.'),
(87,    12,    15, 'Idea comment',                      '2025-07-09 12:00:00', NULL,                  'Consider A/B testing variability.'),
(88,    13,    16, 'Refactor follow-up',                '2025-07-11 14:00:00', NULL,                  'Tests added for new queue.'),
(89,    14,    17, 'Connector example',                 '2025-07-15 11:15:00', NULL,                  'OAuth example included.'),
(90,    15,    18, 'Holiday check',                     '2025-07-21 13:30:00', NULL,                  'Assets QA passed.'),
(91,    16,    19, 'Community great',                   '2025-07-26 16:30:00', NULL,                  'Congrats to contributors!'),
(92,    17,    20, 'Habit endorsement',                 '2025-07-29 08:30:00', NULL,                  'Small daily habits add up.'),
(93,    18,    21, 'Backup confirm',                    '2025-07-31 10:00:00', NULL,                  'Verified backups in staging.'),
(94,    19,    22, 'Zapier follow',                     '2025-08-01 11:45:00', NULL,                  'Webhook transform clarified.'),
(95,    20,    23, 'Microcopy approve',                 '2025-08-02 10:15:00', NULL,                  'Shortened label works well.'),
(96,    21,    24, 'Sprint approval',                   '2025-08-03 09:15:00', NULL,                  'Template looks good.'),
(97,    22,    25, 'Priority ack',                      '2025-08-04 12:45:00', NULL,                  'Escalated high-impact bugs.'),
(98,    23,    26, 'Queue note 2',                      '2025-08-05 14:00:00', NULL,                  'Batching implemented.'),
(99,    24,    27, 'Experiment vote',                   '2025-08-06 09:50:00', NULL,                  'I support the new CTA experiment.'),
(100,   25,    28, 'Design alignment',                  '2025-08-07 10:40:00', NULL,                  'Tokens synchronized.'),
(101,   26,    29, 'Metrics ack',                       '2025-08-08 08:50:00', NULL,                  'Added alert thresholds.'),
(102,   27,    30, 'API sample 3',                      '2025-08-09 09:30:00', NULL,                  'Added more code examples.'),
(103,   28,    31, 'Forum help',                        '2025-08-09 12:50:00', NULL,                  'Guided new user to docs.'),
(104,   29,    32, 'Retention adjust',                  '2025-08-09 14:20:00', NULL,                  'Added secondary metric for retention.'),
(105,   30,    33, 'Monthly metric add',                '2025-08-09 15:35:00', NULL,                  'Year-over-year included.'),
(106,   31,    34, 'Proj export',                       '2025-08-09 16:45:00', NULL,                  'CSV export endpoint added.'),
(107,   32,    35, 'Cursor example',                    '2025-08-09 17:50:00', NULL,                  'Cursor pattern documented.'),
(108,   33,    36, 'Forum welcome 2',                   '2025-08-09 18:50:00', NULL,                  'Pinned welcome message for newcomers.'),
(109,   34,    37, 'Experiment doc',                    '2025-08-09 19:50:00', NULL,                  'Extended experiment plan.'),
(110,   35,    38, 'Docs finalize',                     '2025-08-09 20:50:00', NULL,                  'Style guide included.'),
(111,   36,    39, 'Bug bash idea 2',                   '2025-08-09 20:40:00', NULL,                  'Set a leaderboard to gamify participation.'),
(112,   37,    40, 'Community thanks 2',                '2025-08-09 21:10:00', NULL,                  'Great recognition of volunteers.'),
(113,   38,    1,  'Designer Q',                        '2025-05-04 09:30:00', NULL,                  'Do you use a design brief template?'),
(114,   39,    2,  'Habit Q',                           '2025-06-02 09:15:00', NULL,                  'How do you keep motivated long-term?'),
(115,   40,    3,  'Research Q',                        '2024-09-02 11:00:00', NULL,                  'Do you share progress publicly or keep internal notes?'),
(116,   5,     4,  'Paper logistics',                   '2025-01-17 10:00:00', NULL,                  'Add a timeline for experiments and checkpoints.'),
(117,   6,     5,  'Ops note 2',                        '2024-06-13 09:30:00', NULL,                  'Consider a triage rotation to reduce bus-factor.'),
(118,   7,     6,  'AMA follow-up',                     '2025-07-02 12:00:00', NULL,                  'Where will recordings be hosted?'),
(119,   8,     7,  'P&L question',                      '2025-02-03 09:00:00', NULL,                  'Do you include deferred revenue in snapshots?'),
(120,   9,     8,  'Release follow-up',                 '2025-04-03 11:30:00', NULL,                  'Noted, thanks!'),
(121,   10,    9,  'Mobile confirm',                    '2025-05-21 11:20:00', NULL,                  'Confirmed fix on Android 13'),
(122,   11,    10, 'Docs approve',                      '2025-06-02 10:20:00', NULL,                  'Docs ready for staging.'),
(123,   12,    11, 'QA note 2',                         '2025-06-06 12:10:00', NULL,                  'Added regression tests.'),
(124,   13,    12, 'Perf follow 2',                     '2025-06-11 16:30:00', NULL,                  'Profiling data uploaded.'),
(125,   14,    13, 'Design create',                     '2025-07-03 09:50:00', NULL,                  'Created new token set.'),
(126,   15,    14, 'Security follow 2',                 '2025-07-07 11:30:00', NULL,                  'CI security scan added.'),
(127,   16,    15, 'Idea follow',                       '2025-07-09 12:20:00', NULL,                  'A/B test scheduled.'),
(128,   17,    16, 'Refactor notes 2',                  '2025-07-11 14:20:00', NULL,                  'Queue service regression fixed.'),
(129,   18,    17, 'Connector patch',                   '2025-07-15 11:45:00', NULL,                  'OAuth fix applied.'),
(130,   19,    18, 'Holiday assets 2',                  '2025-07-21 13:50:00', NULL,                  'Final images exported.'),
(131,   20,    19, 'Community update',                  '2025-07-26 16:50:00', NULL,                  'Adding more highlights next month.'),
(132,   21,    20, 'Habit follow',                      '2025-07-29 08:40:00', NULL,                  'Streak maintained for 40 days.'),
(133,   22,    21, 'Backup note 2',                     '2025-07-31 10:10:00', NULL,                  'Verified backups in staging.'),
(134,   23,    22, 'Zapier follow',                     '2025-08-01 12:00:00', NULL,                  'Webhook transform clarified.'),
(135,   24,    23, 'Microcopy done',                    '2025-08-02 10:30:00', NULL,                  'Finalized labels.'),
(136,   25,    24, 'Sprint tweak',                      '2025-08-03 09:25:00', NULL,                  'Added acceptance matrix.'),
(137,   26,    25, 'Priority dispatch',                 '2025-08-04 12:55:00', NULL,                  'Assigned resources to top items.'),
(138,   27,    26, 'Queue resolved',                    '2025-08-05 14:20:00', NULL,                  'Backlog reduced by 30%.'),
(139,   28,    27, 'Experiment notes',                  '2025-08-06 10:05:00', NULL,                  'Updated experiment doc.'),
(140,   29,    28, 'Design sync 2',                     '2025-08-07 10:25:00', NULL,                  'Sync completed.'),
(141,   30,    29, 'Metrics confirm',                   '2025-08-08 08:30:00', NULL,                  'Checked alert thresholds.'),
(142,   31,    30, 'API sample 3',                      '2025-08-09 09:30:00', NULL,                  'Added more code examples.'),
(143,   32,    31, 'Forum onboarding',                  '2025-08-09 13:10:00', NULL,                  'Welcome steps added to forum.'),
(144,   33,    32, 'Retention adjust',                  '2025-08-09 14:20:00', NULL,                  'Added secondary metric for retention.'),
(145,   34,    33, 'Monthly metric add',                '2025-08-09 15:35:00', NULL,                  'Year-over-year included.'),
(146,   35,    34, 'Proj export',                       '2025-08-09 16:45:00', NULL,                  'CSV export endpoint added.'),
(147,   36,    35, 'Cursor example',                    '2025-08-09 17:50:00', NULL,                  'Cursor pattern documented.'),
(148,   37,    36, 'Forum welcome 3',                   '2025-08-09 18:50:00', NULL,                  'Pinned welcome message.'),
(149,   38,    37, 'Experiment doc 2',                  '2025-08-09 19:50:00', NULL,                  'Extended experiment plan.'),
(150,   39,    38, 'Docs finalize 2',                   '2025-08-09 20:50:00', NULL,                  'Style guide included.');





-- ========== POST_REPLY_TAGS (150 rows) ==========
INSERT INTO post_reply_tags (post_reply_id, tag_id)
VALUES
(1,     14),
(2,     14),
(3,     5),
(4,     4),
(5,     4),
(6,     12),
(7,     21),
(8,     25),
(9,     25),
(10,    23),
(11,    22),
(12,    15),
(13,    28),
(14,    13),
(15,    16),
(16,    30),
(17,    27),
(18,    18),
(19,    29),
(20,    21),
(21,    5),
(22,    6),
(23,    18),
(24,    9),
(25,    28),
(26,    8),
(27,    27),
(28,    20),
(29,    14),
(30,    13),
(31,    13),
(32,    11),
(33,    21),
(34,    20),
(35,    22),
(36,    15),
(37,    21),
(38,    20),
(39,    4),
(40,    4),
(41,    12),
(42,    25),
(43,    2),
(44,    23),
(45,    22),
(46,    15),
(47,    25),
(48,    14),
(49,    16),
(50,    30),
(51,    27),
(52,    18),
(53,    29),
(54,    21),
(55,    5),
(56,    6),
(57,    18),
(58,    9),
(59,    28),
(60,    8),
(61,    27),
(62,    20),
(63,    14),
(64,    13),
(65,    11),
(66,    21),
(67,    20),
(68,    13),
(69,    13),
(70,    11),
(71,    21),
(72,    20),
(73,    22),
(74,    15),
(75,    21),
(76,    12),
(77,    14),
(78,    21),
(79,    25),
(80,    2),
(81,    23),
(82,    22),
(83,    14),
(84,    25),
(85,    23),
(86,    16),
(87,    30),
(88,    27),
(89,    18),
(90,    29),
(91,    21),
(92,    5),
(93,    6),
(94,    18),
(95,    9),
(96,    28),
(97,    8),
(98,    27),
(99,    20),
(100,   14),
(101,   13),
(102,   11),
(103,   21),
(104,   20),
(105,   13),
(106,   13),
(107,   11),
(108,   21),
(109,   20),
(110,   22),
(111,   15),
(112,   21),
(113,   14),
(114,   5),
(115,   4),
(116,   4),
(117,   12),
(118,   21),
(119,   25),
(120,   2),
(121,   23),
(122,   22),
(123,   15),
(124,   25),
(125,   14),
(126,   16),
(127,   30),
(128,   27),
(129,   18),
(130,   29),
(131,   21),
(132,   5),
(133,   6),
(134,   18),
(135,   9),
(136,   28),
(137,   8),
(138,   27),
(139,   20),
(140,   14),
(141,   13),
(142,   11),
(143,   21),
(144,   20),
(145,   13),
(146,   13),
(147,   11),
(148,   21),
(149,   20),
(150,   22);





-- ========== USER_DATA (75 rows) ==========
INSERT INTO user_data (id, userId, location, deviceType, age, registeredAt, lastLogin, isActive)
VALUES
(1,     1,  'New York, NY',         'tablet',  23, '2025-03-01 09:00:00', '2025-08-09 09:00:00', 1),
(2,     2,  'Boston, MA',           'desktop', 52, '2020-09-01 08:00:00', '2025-08-08 18:00:00', 1),
(3,     3,  'Boston, MA',           'desktop', 22, '2019-06-01 10:00:00', '2025-08-09 20:30:00', 1),
(4,     4,  'Los Angeles, CA',      'desktop', 28, '2023-02-20 11:00:00', '2025-08-09 16:00:00', 1),
(5,     5,  'Seattle, WA',          'desktop', 29, '2024-04-10 09:00:00', '2025-08-07 14:00:00', 1),
(6,     6,  'Austin, TX',           'mobile',  31, '2024-05-05 10:00:00', '2025-08-05 09:00:00', 1),
(7,     7,  'Portland, OR',         'desktop', 27, '2024-06-01 11:00:00', '2025-08-06 11:00:00', 1),
(8,     8,  'Denver, CO',           'desktop', 34, '2024-07-10 08:30:00', '2025-08-04 10:00:00', 1),
(9,     9,  'Miami, FL',            'mobile',  25, '2024-08-15 09:00:00', '2025-08-03 12:00:00', 1),
(10,    10, 'Raleigh, NC',          'desktop', 29, '2024-09-01 09:30:00', '2025-08-02 10:00:00', 1),
(11,    11, 'Minneapolis, MN',      'desktop', 35, '2024-09-20 08:05:00', '2025-08-08 21:00:00', 1),
(12,    12, 'San Francisco,CA',     'desktop', 27, '2024-10-01 10:05:00', '2025-08-06 14:00:00', 1),
(13,    13, 'Los Angeles, CA',      'desktop', 36, '2024-11-01 08:30:00', '2025-08-05 10:45:00', 1),
(14,    14, 'Salt Lake City,UT',    'desktop', 30, '2025-01-05 13:00:00', '2025-07-30 10:00:00', 1),
(15,    15, 'Orlando, FL',          'mobile',  28, '2025-01-10 09:50:00', '2025-08-02 11:20:00', 1),
(16,    16, 'Philadelphia,PA',      'desktop', 34, '2025-01-15 17:15:00', '2025-08-06 14:05:00', 1),
(17,    17, 'Boise, ID',            'mobile',  27, '2025-01-20 12:00:00', '2025-07-25 09:00:00', 1),
(18,    18, 'Palo Alto, CA',        'desktop', 41, '2020-05-10 08:00:00', '2025-08-07 19:40:00', 1),
(19,    19, 'Cincinnati, OH',       'mobile',  26, '2025-02-10 10:20:00', '2025-07-29 14:00:00', 1),
(20,    20, 'Columbus, OH',         'desktop', 32, '2025-02-20 09:00:00', '2025-08-04 16:10:00', 1),
(21,    21, 'Las Vegas, NV',        'mobile',  29, '2025-02-25 11:30:00', '2025-07-26 11:30:00', 1),
(22,    22, 'Toronto, ON',          'desktop', 33, '2025-03-01 08:45:00', '2025-08-01 10:55:00', 1),
(23,    23, 'Montreal,QC',          'mobile',  24, '2025-03-05 14:00:00', '2025-07-27 09:15:00', 1),
(24,    24, 'Vancouver,BC',         'desktop', 35, '2025-03-10 09:30:00', '2025-08-03 12:00:00', 1),
(25,    25, 'Birmingham,AL',        'mobile',  22, '2025-03-15 11:00:00', '2025-07-25 08:00:00', 1),
(26,    26, 'Oakland, CA',          'desktop', 30, '2025-03-20 13:40:00', '2025-08-05 09:15:00', 1),
(27,    27, 'Syracuse, NY',         'mobile',  29, '2025-03-25 10:20:00', '2025-07-31 07:40:00', 1),
(28,    28, 'Rochester, NY',        'desktop', 31, '2025-03-30 09:00:00', '2025-08-02 08:20:00', 1),
(29,    29, 'Hartford, CT',         'mobile',  36, '2025-04-04 16:00:00', '2025-08-06 09:50:00', 1),
(30,    30, 'Nashville, TN',        'desktop', 28, '2025-04-09 08:10:00', '2025-08-04 07:00:00', 1),
(31,    31, 'Cleveland, OH',        'mobile',  33, '2025-04-14 10:40:00', '2025-08-03 09:40:00', 1),
(32,    32, 'Richmond, VA',         'desktop', 38, '2025-04-19 09:05:00', '2025-08-02 21:00:00', 1),
(33,    33, 'Tucson, AZ',           'mobile',  27, '2025-04-24 11:10:00', '2025-07-30 12:30:00', 1),
(34,    34, 'Santa Fe, NM',         'desktop', 35, '2025-04-29 09:45:00', '2025-08-01 13:30:00', 1),
(35,    35, 'Reno, NV',             'mobile',  26, '2025-05-04 10:00:00', '2025-07-29 09:00:00', 1),
(36,    36, 'Burlington, VT',       'desktop', 31, '2025-05-09 09:10:00', '2025-08-08 16:00:00', 1),
(37,    37, 'Ithaca, NY',           'desktop', 52, '2020-09-01 08:00:00', '2025-08-07 19:00:00', 1),
(38,    38, 'Boston, MA',           'desktop', 22, '2019-06-01 10:00:00', '2025-08-09 20:30:00', 1),
(39,    39, 'Los Angeles, CA',      'desktop', 28, '2023-02-20 11:00:00', '2025-08-09 16:00:00', 1),
(40,    40, 'London, UK',           'desktop', 33, '2024-02-01 09:00:00', '2025-08-08 12:00:00', 1),
(41,    1, 'New York, NY',          'desktop', 23, '2025-04-01 09:00:00', '2025-07-01 09:00:00', 1),
(42,    2, 'Boston, MA',            'desktop', 52, '2019-10-01 08:00:00', '2025-06-01 18:00:00', 1),
(43,    3, 'Boston, MA',            'desktop', 22, '2020-01-01 10:00:00', '2025-05-01 19:00:00', 1),
(44,    4, 'Los Angeles, CA',       'desktop', 28, '2023-03-01 11:00:00', '2025-04-01 16:00:00', 1),
(45,    5, 'Seattle, WA',           'desktop', 29, '2024-05-01 09:00:00', '2025-03-01 14:00:00', 1),
(46,    6, 'Austin, TX',            'mobile',  31, '2024-06-01 10:00:00', '2025-02-01 09:00:00', 1),
(47,    7, 'Portland, OR',          'desktop', 27, '2024-07-01 11:00:00', '2025-01-01 11:00:00', 1),
(48,    8, 'Denver, CO',            'desktop', 34, '2024-08-01 08:30:00', '2024-12-01 10:00:00', 1),
(49,    9, 'Miami, FL',             'mobile',  25, '2024-09-01 09:00:00', '2024-11-01 12:00:00', 1),
(50,    10, 'Raleigh, NC',          'desktop', 29, '2024-10-01 09:30:00', '2024-10-01 10:00:00', 1),
(51,    11, 'Minneapolis, MN',      'desktop', 35, '2024-10-15 08:05:00', '2024-09-01 21:00:00', 1),
(52,    12, 'San Francisco, CA',    'desktop', 27, '2024-11-15 10:05:00', '2024-08-01 14:00:00', 1),
(53,    13, 'Los Angeles, CA',      'desktop', 36, '2024-12-01 08:30:00', '2024-07-01 10:45:00', 1),
(54,    14, 'Salt Lake City,UT',    'desktop', 30, '2025-01-10 13:00:00', '2024-06-01 10:00:00', 1),
(55,    15, 'Orlando, FL',          'mobile',  28, '2025-01-15 09:50:00', '2024-05-01 11:20:00', 1),
(56,    16, 'Philadelphia,PA',      'desktop', 34, '2025-01-20 17:15:00', '2024-04-01 14:05:00', 1),
(57,    17, 'Boise, ID',            'mobile',  27, '2025-01-25 12:00:00', '2024-03-01 09:00:00', 1),
(58,    18, 'Palo Alto, CA',        'desktop', 41, '2019-05-10 08:00:00', '2024-02-01 19:40:00', 1),
(59,    19, 'Cincinnati, OH',       'mobile',  26, '2025-02-15 10:20:00', '2024-01-01 14:00:00', 1),
(60,    20, 'Columbus, OH',         'desktop', 32, '2025-02-25 09:00:00', '2023-12-01 16:10:00', 1),
(61,    21, 'Las Vegas, NV',        'mobile',  29, '2025-03-05 11:30:00', '2023-11-01 11:30:00', 1),
(62,    22, 'Toronto, ON',          'desktop', 33, '2025-03-10 08:45:00', '2023-10-01 10:55:00', 1),
(63,    23, 'Montreal,QC',          'mobile',  24, '2025-03-15 14:00:00', '2023-09-01 09:15:00', 1),
(64,    24, 'Vancouver,BC',         'desktop', 35, '2025-03-20 09:30:00', '2023-08-01 12:00:00', 1),
(65,    25, 'Birmingham,AL',        'mobile',  22, '2025-03-25 11:00:00', '2023-07-01 08:00:00', 1),
(66,    26, 'Oakland, CA',          'desktop', 30, '2025-03-30 13:40:00', '2023-06-01 09:15:00', 1),
(67,    27, 'Syracuse, NY',         'mobile',  29, '2025-04-04 10:20:00', '2023-05-01 07:40:00', 1),
(68,    28, 'Rochester, NY',        'desktop', 31, '2025-04-09 09:00:00', '2023-04-01 08:20:00', 1),
(69,    29, 'Hartford, CT',         'mobile',  36, '2025-04-14 16:00:00', '2023-03-01 09:50:00', 1),
(70,    30, 'Nashville, TN',        'desktop', 28, '2025-04-19 08:10:00', '2023-02-01 07:00:00', 1),
(71,    31, 'Cleveland, OH',        'mobile',  33, '2025-04-24 10:40:00', '2023-01-01 09:40:00', 1),
(72,    32, 'Richmond, VA',         'desktop', 38, '2025-04-29 09:05:00', '2022-12-01 21:00:00', 1),
(73,    33, 'Tucson, AZ',           'mobile',  27, '2025-05-04 11:10:00', '2022-11-01 12:30:00', 1),
(74,    34, 'Santa Fe, NM',         'desktop', 35, '2025-05-09 09:45:00', '2022-10-01 13:30:00', 1),
(75,    35, 'Reno, NV',             'mobile',  26, '2025-05-14 10:00:00', '2022-09-01 09:00:00', 1);





-- ========== BUG_REPORTS (35 rows) ==========
INSERT INTO bug_reports (id, userId, title, metaTitle, description, dateReported, completed, priority)
VALUES
(1,  1,  'Portfolio image upload fails',    NULL, 'PNG >5MB fails in uploader',                   '2025-06-10 11:20:00', 0, 'medium'),
(2,  2,  'Simulation reproducibility',      NULL, 'Random seed mismatch across runs',             '2025-01-20 09:30:00', 0, 'high'),
(3,  3,  'Spam in community forum',         NULL, 'Automated spam posts bypass moderation',       '2025-07-02 09:00:00', 0, 'high'),
(4,  4,  'CSV export timeouts',             NULL, 'Large CSV exports time out at 30s',            '2025-03-05 16:40:00', 0, 'medium'),
(5,  5,  'Mobile layout regression',        NULL, 'Buttons overlap on Android 13',                '2025-05-20 09:00:00', 0, 'high'),
(6,  6,  'DB deadlock on reports',          NULL, 'Deadlocks in complex report queries',          '2025-05-08 13:20:00', 0, 'critical'),
(7,  7,  'Notification duplication',        NULL, 'Users receive duplicate notifications',        '2025-04-28 09:00:00', 0, 'medium'),
(8,  8,  'Webhook retries too aggressive',  NULL, 'Retries without exponential backoff',          '2025-04-08 12:00:00', 0, 'high'),
(9,  9,  'Search indexing gap',             NULL, 'New docs not appearing in search',             '2025-04-20 16:00:00', 0, 'medium'),
(10, 10, 'iOS app cold start crash',        NULL, 'Crash on cold start v1.2.0',                   '2025-05-02 07:50:00', 0, 'critical'),
(11, 11, 'Rate limit miscount',             NULL, 'Rate limiter miscounts concurrent requests',   '2025-04-11 09:30:00', 0, 'high'),
(12, 12, 'Missing translations',            NULL, 'Some locales missing labels',                  '2025-03-12 08:10:00', 0, 'low'),
(13, 13, 'Memory leak in worker',           NULL, 'Long-running worker grows memory',             '2025-03-25 14:00:00', 0, 'critical'),
(14, 14, 'Image resize fails',              NULL, 'Large images fail to resize',                  '2025-07-18 12:30:00', 0, 'medium'),
(15, 15, 'Permission elevation',            NULL, 'Users see actions they should not',            '2025-07-22 09:15:00', 0, 'critical'),
(16, 16, 'Queue backlog growth',            NULL, 'Job queue length increasing',                  '2025-07-30 11:00:00', 0, 'high'),
(17, 17, 'Timezone display bug',            NULL, 'Events showing UTC instead of local',          '2025-05-26 08:05:00', 0, 'low'),
(18, 18, 'Schema migration failure',        NULL, 'Migration fails on large tables',              '2025-06-12 03:10:00', 0, 'critical'),
(19, 19, 'Broken download link',            NULL, 'Downloads returning 403 for PDFs',             '2025-08-02 09:30:00', 0, 'medium'),
(20, 20, 'Unexpected 500s after deploy',    NULL, 'Release causing 500s on API',                  '2025-06-01 02:30:00', 1, 'critical'),
(21, 21, 'Attachments lost on save',        NULL, 'Attachments not persistently saved',           '2025-07-11 09:30:00', 0, 'medium'),
(22, 22, 'Webhook 500 errors',              NULL, 'Third-party webhooks intermittently 500',      '2025-07-06 12:00:00', 0, 'medium'),
(23, 23, 'Export pagination bug',           NULL, 'Pagination broken for large exports',          '2025-06-28 16:40:00', 0, 'medium'),
(24, 24, 'UI flicker on resize',            NULL, 'Flicker when resizing browser window',         '2025-08-01 08:45:00', 0, 'low'),
(25, 25, 'Login fails intermittently',      NULL, 'Some users get login errors',                  '2025-07-20 13:00:00', 0, 'high'),
(26, 26, 'Performance regression',          NULL, 'Search became slower after index change',      '2025-07-26 10:00:00', 0, 'high'),
(27, 27, 'File uploads 413',                NULL, 'Large uploads get 413 on certain proxies',     '2025-05-18 10:30:00', 0, 'medium'),
(28, 28, 'Staging data mismatch',           NULL, 'Staging uses old dataset',                     '2025-08-03 10:00:00', 0, 'low'),
(29, 29, 'Email template regression',       NULL, 'Formatting broken in emails',                  '2025-08-04 13:30:00', 0, 'low'),
(30, 30, 'Policy link broken',              NULL, 'Privacy policy link returns 404',              '2025-06-06 09:45:00', 0, 'low'),
(31, 31, 'Duplicate uploads',               NULL, 'Users can upload same file twice',             '2025-06-16 09:30:00', 0, 'low'),
(32, 32, 'Search performance',              NULL, 'Search slower after change',                   '2025-07-26 10:00:00', 0, 'high'),
(33, 33, 'Queue worker OOM',                NULL, 'Worker runs out of memory on long jobs',       '2025-07-30 11:30:00', 0, 'critical'),
(34, 34, 'Broken reset link',               NULL, 'Password reset link invalid for some users',   '2025-07-07 16:20:00', 0, 'low'),
(35, 35, 'Attachment encoding issue',       NULL, 'Attachments corrupted on download',            '2025-07-11 09:30:00', 0, 'medium');





-- ========== CONSISTENT_TASKS (35 rows) ==========
INSERT INTO consistent_tasks (id, userId, title, metaTitle, category, notes, createdAt)
VALUES
(1,  1, 'Daily Sketch',           '20-min sketch',        'Personal',     'Daily creative sketch habit',          '2025-05-01 08:00:00'),
(2,  2, 'Weekly Research Sync',   NULL,                   'Research',     'Sync with lab students',               '2020-09-01 15:00:00'),
(3,  3, 'Daily Ops Triage',       NULL,                   'Ops',          'Triage new bug reports each morning',  '2019-06-01 09:00:00'),
(4,  4, 'Daily P&L Snapshot',     NULL,                   'Finance',      'Quick morning revenue check',          '2023-02-20 08:30:00'),
(5,  5, 'Weekly Team Retro',      NULL,                   'Meetings',     'Collect action items',                 '2024-03-01 09:00:00'),
(6,  6, 'DB Backups',             NULL,                   'Maintenance',  'Nightly DB backups',                   '2024-04-01 02:00:00'),
(7,  7, 'Code Review Hour',       NULL,                   'Engineering',  'Daily review window',                  '2024-04-15 14:00:00'),
(8,  8, 'Design Critique',        NULL,                   'Design',       'Weekly critique for mockups',          '2024-05-01 11:00:00'),
(9,  9, 'Rotate Logs',            NULL,                   'DevOps',       'Rotate logs and archive',              '2024-05-10 03:00:00'),
(10, 10,'Accessibility Audit',    NULL,                   'Design',       'Quarterly accessibility review',       '2024-06-01 09:00:00'),
(11, 11,'Monthly Export',         NULL,                   'Analytics',    'Generate exports monthly',             '2024-06-15 08:00:00'),
(12, 12,'Blog Post',              NULL,                   'Content',      'Write a helpful post per month',       '2024-07-01 09:30:00'),
(13, 13,'Sprint Grooming',        NULL,                   'Product',      'Refine backlog for sprint',            '2024-07-10 14:00:00'),
(14, 14,'Test Suite Maintenance', NULL,                   'QA',           'Keep tests green',                     '2024-07-20 08:30:00'),
(15, 15,'Perf Benchmark',         NULL,                   'Performance',  'Monthly benchmarks',                   '2024-08-01 09:00:00'),
(16, 16,'Customer Interviews',    NULL,                   'Customer',     'Interview two customers per month',    '2024-08-10 10:00:00'),
(17, 17,'Docs Review',            NULL,                   'Docs',         'Review docs before releases',          '2024-09-01 09:00:00'),
(18, 18,'Release Checklist',      NULL,                   'Ops',          'Checklist for major releases',         '2024-09-10 12:00:00'),
(19, 19,'Mentorship Hour',        NULL,                   'People',       'Weekly pairing with juniors',          '2024-09-15 15:00:00'),
(20, 20,'Analytics Cleanup',      NULL,                   'Analytics',    'Archive old datasets quarterly',       '2024-09-20 11:00:00'),
(21, 21,'Weekly Newsletter',      NULL,                   'Content',      'Compile highlights for team',          '2024-09-25 09:00:00'),
(22, 22,'Run DB Migrations',      NULL,                   'Engineering',  'Schedule migration windows',           '2024-10-01 02:00:00'),
(23, 23,'UX Study',               NULL,                   'Research',     'Monthly usability sessions',           '2024-10-10 10:00:00'),
(24, 24,'Refactor Backlog',       NULL,                   'Engineering',  'Plan refactors into sprints',          '2024-10-20 09:00:00'),
(25, 25,'Localization Check',     NULL,                   'Ops',          'Verify translations monthly',          '2024-11-01 11:00:00'),
(26, 26,'Compliance Review',      NULL,                   'Legal',        'Quarterly compliance checks',          '2024-11-15 13:00:00'),
(27, 27,'Feature Flagging',       NULL,                   'Product',      'Manage feature switches',              '2024-12-01 09:30:00'),
(28, 28,'Idea Grooming',          NULL,                   'Product',      'Weekly idea triage',                   '2025-01-02 14:30:00'),
(29, 29,'Holiday Planning',       NULL,                   'People',       'Plan holiday schedule',                '2025-01-05 16:00:00'),
(30, 30,'Retention Experiments',  NULL,                   'Growth',       'Run A/B retention experiments',        '2025-01-10 10:00:00'),
(31, 31,'Ops Runbook Updates',    NULL,                   'DevOps',       'Keep runbooks current',                '2025-01-15 09:00:00'),
(32, 32,'Community Events',       NULL,                   'Community',    'Plan meetups',                         '2025-01-20 18:00:00'),
(33, 33,'On-call Rotation',       NULL,                   'Support',      'Manage on-call schedule',              '2025-01-25 08:00:00'),
(34, 34,'Design System Sync',     NULL,                   'Design',       'Sync tokens across apps',              '2025-01-30 11:00:00'),
(35, 35,'Bug Triage Session',     NULL,                   'QA',           'Weekly bug triage',                    '2025-02-05 09:30:00');






-- ========== DAILY_TASKS (75 rows) ==========
INSERT INTO daily_tasks (id, userId, title, metaTitle, status, completed, schedule, notes)
VALUES
(1,     1,  'Portfolio research',          NULL,       'ON ICE', 1, '2025-05-05', 'Collect references and inspirations.'),
(2,     1,  'Sketch: 20-min prompt',       NULL,       'ON ICE', 1, '2025-08-09', 'Daily creative habit.'),
(3,     1,  'Backlog: quick ideas',        NULL,       'ON ICE', 0, '2025-08-10', 'Small ideas to store for later.'),
(4,     2,  'Research block (deep work)',  NULL,       'ON ICE', 0, '2025-08-09', '2-hour deep work slot.'),
(5,     2,  'Course prep: lecture 3',      NULL,       'ON ICE', 0, '2025-08-10', 'Slides and assignment due.'),
(6,     2,  'Simulation run',              NULL,       'ON ICE', 0, '2025-08-11', 'Run Monte Carlo sims.'),
(7,     3,  'Triage new bug reports',      NULL,       'ON ICE', 0, '2025-08-09', 'Prioritize enterprise customers.'),
(8,     3,  'Host office hours',           NULL,       'ON ICE', 0, '2025-08-12', 'Monthly community event.'),
(9,     3,  'Verify nightly backups',      NULL,       'ON ICE', 1, '2025-08-08', 'Confirm backup integrity.'),
(10,    4,  'Morning revenue snapshot',    NULL,       'ON ICE', 1, '2025-08-09', 'Quick P&L check.'),
(11,    4,  'Assign subgoals to teams',    NULL,       'ON ICE', 0, '2025-08-10', 'Notify project leads of deadlines.'),
(12,    4,  'Weekly cost review',          NULL,       'ON ICE', 0, '2025-08-11', 'Check operating expenses.'),
(13,    5,  'Welcome email follow-up',     NULL,       'ON ICE', 0, '2025-07-23', 'Follow up to earlier welcome email.'),
(14,    6,  'Run QA regression',           NULL,       'ON ICE', 1, '2025-08-06', 'Full test run.'),
(15,    7,  'Design polish',               NULL,       'ON ICE', 0, '2025-07-25', 'Fix spacing & tokens.'),
(16,    8,  'Perf benchmark',              NULL,       'ON ICE', 0, '2025-07-27', 'Run benchmark suite.'),
(17,    9,  'Mobile smoke test',           NULL,       'ON ICE', 1, '2025-07-31', 'Quick mobile checks.'),
(18,    10, 'Docs update',                 NULL,       'ON ICE', 0, '2025-07-28', 'Add missing examples.'),
(19,    11, 'Rotate logs',                 NULL,       'ON ICE', 1, '2025-08-02', 'Daily log rotation.'),
(20,    12, 'Plan next sprint',            NULL,       'ON ICE', 0, '2025-07-30', 'Define sprint goal.'),
(21,    13, 'Order swag',                  NULL,       'ON ICE', 0, '2025-11-01', 'Finalize designs for swag.'),
(22,    14, 'Clean up tickets',            NULL,       'ON ICE', 1, '2025-07-24', 'Close obsolete tickets.'),
(23,    15, 'Compliance check',            NULL,       'ON ICE', 0, '2025-07-20', 'Gather logs for audit.'),
(24,    16, 'Analyze funnel',              NULL,       'ON ICE', 0, '2025-07-27', 'Inspect conversion drops.'),
(25,    17, 'Follow-up customer',          NULL,       'ON ICE', 0, '2025-07-29', 'Send next steps.'),
(26,    18, 'Read new paper',              NULL,       'ON ICE', 0, '2025-08-07', 'Read one research paper.'),
(27,    19, 'Spec review',                 NULL,       'ON ICE', 0, '2025-07-30', 'Review spec draft.'),
(28,    20, 'Newsletter draft',            NULL,       'ON ICE', 0, '2025-07-25', 'Draft weekly newsletter.'),
(29,    21, 'Index DB for search',         NULL,       'ON ICE', 1, '2025-07-29', 'Ensure indexing complete.'),
(30,    22, 'Integration test',            NULL,       'ON ICE', 1, '2025-07-29', 'All tests passing.'),
(31,    23, 'UX microcopy audit',          NULL,       'ON ICE', 0, '2025-07-28', 'Audit CTAs.'),
(32,    24, 'Design sync',                 NULL,       'ON ICE', 1, '2025-07-25', 'Sync tokens.'),
(33,    25, 'Run compliance',              NULL,       'ON ICE', 0, '2025-07-20', 'Run checks for compliance events.'),
(34,    26, 'Rotate API keys',             NULL,       'ON ICE', 0, '2025-07-22', 'Rotate expired keys.'),
(35,    27, 'Refactor helper',             NULL,       'ON ICE', 1, '2025-07-23', 'Simplify functions.'),
(36,    28, 'Prototype feature',           NULL,       'ON ICE', 0, '2025-07-29', 'Prototype user flow.'),
(37,    29, 'High priority bug',           NULL,       'ON ICE', 0, '2025-08-06', 'Escalated to oncall.'),
(38,    30, 'DB index task',               NULL,       'ON ICE', 1, '2025-07-21', 'Add index on events.'),
(39,    31, 'Evening stretch',             NULL,       'ON ICE', 1, '2025-08-05', '5 minutes.'),
(40,    32, 'Personal journal',            NULL,       'ON ICE', 1, '2025-08-04', 'Daily reflections.'),
(41,    33, 'Read literature',             NULL,       'ON ICE', 0, '2025-08-07', 'Read 1 paper.'),
(42,    34, 'Monitor dashboards',          NULL,       'ON ICE', 1, '2025-08-06', 'Check for alerts.'),
(43,    35, 'Write specs',                 NULL,       'ACTIVE', 1, '2025-08-05', 'Draft v2 ready.'),
(44,    36, 'New user onboarding',         NULL,       'ON ICE', 1, '2025-07-22', 'Email sent.'),
(45,    37, 'Lab meeting prep',            NULL,       'ON ICE', 0, '2025-08-09', 'Prepare slides.'),
(46,    38, 'Monitor ops',                 NULL,       'ON ICE', 1, '2025-08-09', 'Check alerts and incidents.'),
(47,    39, 'Daily revenue check',         NULL,       'ON ICE', 1, '2025-08-09', 'P&L quick check.'),
(48,    40, 'Forum moderation',            NULL,       'ON ICE', 0, '2025-08-09', 'Review flagged posts.'),
(49,    5,  'Fix critical bug',            NULL,       'ON ICE', 0, '2025-08-06', 'Assigned by QA'),
(50,    6,  'Smoke tests',                 NULL,       'ON ICE', 1, '2025-08-06', 'Pre-release check.'),
(51,    7,  'Spec notes',                  NULL,       'ON ICE', 0, '2025-07-30', 'Review draft.'),
(52,    8,  'Collect papers',              NULL,       'ON ICE', 0, '2025-08-07', 'Collect relevant papers.'),
(53,    9,  'Rotate logs',                 NULL,       'ON ICE', 1, '2025-08-02', 'Rotate logs daily.'),
(54,    10, 'Add welcome step',            NULL,       'ACTIVE', 1, '2025-07-22', 'Onboarding email sent.'),
(55,    11, 'Hotfix deploy',               NULL,       'ON ICE', 0, '2025-08-06', 'Rollback ready.'),
(56,    12, 'Sprint planning',             NULL,       'ON ICE', 0, '2025-07-25', 'Define sprint goal.'),
(57,    13, 'Order swag (design)',         NULL,       'ON ICE', 0, '2025-11-01', 'Design finalized.'),
(58,    14, 'Cleanup backlog',             NULL,       'ON ICE', 1, '2025-07-24', 'Close old issues.'),
(59,    15, 'Perf test run',               NULL,       'ON ICE', 0, '2025-08-03', 'Run benchmarks.'),
(60,    16, 'Customer follow-ups',         NULL,       'ON ICE', 0, '2025-07-29', 'Send next steps.'),
(61,    17, 'Update docs',                 NULL,       'ON ICE', 0, '2025-07-28', 'Add missing examples.'),
(62,    18, 'Run experiment',              NULL,       'ON ICE', 1, '2025-07-30', 'Collect metrics daily.'),
(63,    19, 'Check mobile build',          NULL,       'ON ICE', 1, '2025-07-31', 'Build passed.'),
(64,    20, 'Analyze funnel 2',            NULL,       'ON ICE', 0, '2025-07-27', 'Conversion drop analysis.'),
(65,    21, 'Refactor small module',       NULL,       'ON ICE', 0, '2025-07-26', 'Backend tidy-up.'),
(66,    22, 'Integration smoke',           NULL,       'ON ICE', 1, '2025-07-29', 'All tests passing.'),
(67,    23, 'UX microcopy work',           NULL,       'ON ICE', 0, '2025-07-28', 'Minor copy updates.'),
(68,    24, 'Design sync 2',               NULL,       'ON ICE', 1, '2025-07-25', 'Sync with design system.'),
(69,    25, 'Compliance prep',             NULL,       'ON ICE', 0, '2025-07-20', 'Gather logs.'),
(70,    26, 'Rotate keys 2',               NULL,       'ON ICE', 0, '2025-07-22', 'Rotate API keys.'),
(71,    27, 'Refactor tests',              NULL,       'ON ICE', 1, '2025-07-30', 'Simplify flaky tests.'),
(72,    28, 'Prototype signup',            NULL,       'ON ICE', 0, '2025-07-31', 'Signup uplift prototype.'),
(73,    29, 'Stabilize RC',                NULL,       'ON ICE', 0, '2025-07-21', 'Prepare release candidate.'),
(74,    30, 'Write first post',            NULL,       'ON ICE', 0, '2025-07-23', 'Draft blog post.'),
(75,    31, 'Component cleanup',           NULL,       'ON ICE', 0, '2025-07-25', 'Tidy components.');





-- ========== DAILY_TASKS_TAGS (75 rows) ==========
INSERT INTO daily_tasks_tags (daily_task_id, tag_id)
VALUES
(1,     14),
(2,     14),
(3,     5),
(4,     4),
(5,     21),
(6,     4),
(7,     12),
(8,     21),
(9,     6),
(10,    25),
(11,    25),
(12,    8),
(13,    21),
(14,    15),
(15,    14),
(16,    25),
(17,    23),
(18,    22),
(19,    6),
(20,    28),
(21,    29),
(22,    7),
(23,    26),
(24,    13),
(25,    17),
(26,    4),
(27,    2),
(28,    21),
(29,    10),
(30,    18),
(31,    9),
(32,    14),
(33,    26),
(34,    16),
(35,    27),
(36,    19),
(37,    8),
(38,    10),
(39,    5),
(40,    3),
(41,    4),
(42,    6),
(43,    2),
(44,    21),
(45,    4),
(46,    12),
(47,    25),
(48,    21),
(49,    1),
(50,    15),
(51,    2),
(52,    4),
(53,    12),
(54,    21),
(55,    1),
(56,    28),
(57,    29),
(58,    7),
(59,    25),
(60,    17),
(61,    22),
(62,    20),
(63,    24),
(64,    13),
(65,    11),
(66,    18),
(67,    9),
(68,    14),
(69,    26),
(70,    16),
(71,    27),
(72,    19),
(73,    8),
(74,    5),
(75,    11);





-- ========== GOALS (35 rows) ==========
INSERT INTO goals (id, userId, title, notes, onIce, status, priority, createdAt, completedAt, completed, schedule)
VALUES
(1,     1,  'Portfolio redesign',              'Break into research > mockups > build > launch',   0, 'ACTIVE', 'high',     '2025-05-01 09:00:00',   NULL, 0, '2025-08-15'),
(2,     2,  'Statistical model paper',         'Robust estimators — simulations + paper',          0, 'ACTIVE', 'critical', '2024-10-01 09:00:00',   NULL, 0, '2026-01-30'),
(3,     3,  'Platform uptime 99.95%',          'Improve CI/CD, monitoring, alerting',              0, 'ACTIVE', 'critical', '2019-06-01 08:00:00',   NULL, 0, '2025-09-01'),
(4,     4,  'Increase company profit 5%',      'Coordinate experiments, retention, and cost cuts', 0, 'ACTIVE', 'critical', '2025-02-01 09:00:00',   NULL, 0, '2025-12-31'),
(5,     5,  'Improve onboarding conversion',   NULL, 0, 'ACTIVE',  'high',      '2025-03-01 09:00:00',    NULL, 0, '2025-06-01'),
(6,     6,  'Reduce API latency',              NULL, 0, 'ACTIVE',  'critical',  '2025-03-10 09:00:00',    NULL, 0, '2025-05-01'),
(7,     7,  'Design system v2',                NULL, 0, 'ACTIVE',  'high',      '2025-03-20 11:00:00',    NULL, 0, '2025-07-01'),
(8,     8,  'Analytics: funnel breakdown',     NULL, 0, 'ACTIVE',  'medium',    '2025-04-01 10:45:00',    NULL, 0, '2025-06-30'),
(9,     9,  'Mobile QA ramp',                  NULL, 0, 'ACTIVE',  'high',      '2025-04-10 09:00:00',    NULL, 0, '2025-09-01'),
(10,    10, 'Frontend performance',            NULL, 0, 'ACTIVE',  'high',      '2025-04-20 09:00:00',    NULL, 0, '2025-06-01'),
(11,    11, 'Security hardening',              NULL, 0, 'ACTIVE',  'critical',  '2025-04-30 09:30:00',    NULL, 0, '2025-05-15'),
(12,    12, 'Docs completeness',               NULL, 0, 'ACTIVE',  'medium',    '2025-05-05 10:00:00',    NULL, 0, '2025-06-20'),
(13,    13, 'Benchmark harness',               NULL, 0, 'ACTIVE',  'high',      '2025-05-12 09:00:00',    NULL, 0, '2025-07-01'),
(14,    14, 'Bug backlog cleanup',             NULL, 0, 'ACTIVE',  'medium',    '2025-05-20 09:15:00',    NULL, 0, '2025-06-05'),
(15,    15, 'Experiment: dashboard CTA',       NULL, 0, 'ACTIVE',  'medium',    '2025-05-25 10:00:00',    NULL, 0, '2025-07-15'),
(16,    16, 'Integrations marketplace',        NULL, 1, 'ON ICE',  'high',      '2025-05-30 09:00:00',    NULL, 0, NULL),
(17,    17, 'Refactor auth flow',              NULL, 0, 'ACTIVE',  'high',      '2025-06-01 10:30:00',    NULL, 0, '2025-07-30'),
(18,    18, 'Customer success pilot',          NULL, 0, 'ACTIVE',  'high',      '2025-06-05 11:00:00',    NULL, 0, '2025-08-01'),
(19,    19, 'Holiday release planning',        NULL, 0, 'PLANNED', 'low',       '2025-06-10 12:00:00',    NULL, 0, '2025-11-15'),
(20,    20, 'Incident response improvements',  NULL, 0, 'ACTIVE',  'critical',  '2025-06-15 10:00:00',    NULL, 0, '2025-07-01'),
(21,    21, 'Research ideas database',         NULL, 0, 'ACTIVE',  'high',      '2025-06-20 09:00:00',    NULL, 0, NULL),
(22,    22, 'Automate deployments',            NULL, 0, 'ACTIVE',  'high',      '2025-06-25 09:00:00',    NULL, 0, '2025-08-01'),
(23,    23, 'QA ramp for mobile',              NULL, 0, 'ACTIVE',  'high',      '2025-07-01 10:00:00',    NULL, 0, '2025-09-01'),
(24,    24, 'Web performance focus',           NULL, 0, 'ACTIVE',  'critical',  '2025-07-05 09:30:00',    NULL, 0, '2025-09-15'),
(25,    25, 'Compliance readiness',            NULL, 0, 'PLANNED', 'critical',  '2025-07-10 11:00:00',    NULL, 0, '2025-12-01'),
(26,    26, 'Refactor logging',                NULL, 0, 'ACTIVE',  'medium',    '2025-07-12 09:00:00',    NULL, 0, '2025-08-31'),
(27,    27, 'Idea harvest',                    NULL, 0, 'ACTIVE',  'low',       '2025-07-15 14:00:00',    NULL, 0, NULL),
(28,    28, 'Prototype feature A',             NULL, 0, 'ACTIVE',  'low',       '2025-07-16 09:00:00',    NULL, 0, '2025-07-30'),
(29,    29, 'Stabilize release',               NULL, 0, 'ACTIVE',  'high',      '2025-07-20 09:00:00',    NULL, 0, '2025-08-20'),
(30,    30, 'Personal blog launch',            NULL, 0, 'ACTIVE',  'low',       '2025-07-22 10:00:00',    NULL, 0, '2025-08-10'),
(31,    31, 'Front-end mastery',               NULL, 0, 'ACTIVE',  'medium',    '2025-07-24 09:00:00',    NULL, 0, '2025-10-01'),
(32,    32, 'Experiment tracking',             NULL, 0, 'ACTIVE',  'high',      '2025-07-26 09:00:00',    NULL, 0, '2025-09-01'),
(33,    33, 'Secret scanning',                 NULL, 0, 'ACTIVE',  'critical',  '2025-07-28 14:00:00',    NULL, 0, '2025-08-15'),
(34,    34, 'UX microcopy baseline',           NULL, 0, 'ACTIVE',  'low',       '2025-07-30 09:00:00',    NULL, 0, '2025-08-15'),
(35,    35, 'Partner onboarding docs',         NULL, 0, 'ACTIVE',  'high',      '2025-08-01 10:00:00',    NULL, 0, '2025-09-15');





-- ========== GOALS_TAGS (35 rows) ==========
INSERT INTO goals_tags (goal_id, tag_id)
VALUES
(1, 14),
(2, 4),
(3, 6),
(4, 25),
(5, 21),
(6, 25),
(7, 14),
(8, 13),
(9, 23),
(10, 11),
(11, 16),
(12, 22),
(13, 25),
(14, 3),
(15, 20),
(16, 18),
(17, 7),
(18, 17),
(19, 29),
(20, 1),
(21, 4),
(22, 28),
(23, 8),
(24, 24),
(25, 26),
(26, 27),
(27, 30),
(28, 19),
(29, 2),
(30, 5),
(31, 11),
(32, 20),
(33, 16),
(34, 9),
(35, 18);





-- ========== SUBGOALS (75 rows) ==========
INSERT INTO subgoals (id, goalsId, title, notes, status, createdAt, completedAt, completed, schedule)
VALUES
(1,  1,  'Collect 8 case studies',       'Select projects and write case studies',  'ACTIVE', '2025-05-03 10:00:00', NULL, 0, '2025-06-10'),
(2,  2,  'Write literature review',      'Collect related papers',                  'ACTIVE', '2024-10-10 10:00:00', NULL, 0, '2025-02-01'),
(3,  4,  'A/B retention experiments',    'Run 3 experiments to increase retention', 'ACTIVE', '2025-02-10 09:00:00', NULL, 0, '2025-06-30'),
(4,  1,  'Design mockups mobile+web',    NULL, 'ACTIVE',  '2025-06-12 09:00:00', NULL, 0, '2025-07-05'),
(5,  1,  'Launch portfolio site',        NULL, 'PLANNED', '2025-07-10 09:00:00', NULL, 0, '2025-08-15'),
(6,  2,  'Run simulations',              NULL, 'ACTIVE',  '2025-01-05 09:30:00', NULL, 0, '2025-04-01'),
(7,  2,  'Draft methods section',        NULL, 'ACTIVE',  '2025-03-01 09:00:00', NULL, 0, '2025-08-01'),
(8,  3,  'Add p95 latency alerting',     NULL, 'ACTIVE',  '2019-07-01 09:00:00', NULL, 0, '2025-03-15'),
(9,  3,  'Improve CI pipeline',          NULL, 'ACTIVE',  '2020-01-01 12:00:00', NULL, 0, '2025-06-01'),
(10, 3,  'Create runbook for incidents', NULL, 'ACTIVE',  '2024-06-01 10:00:00', NULL, 0, '2025-07-01'),
(11, 4,  'Cut ops cost 2%',              NULL, 'ACTIVE',  '2025-03-01 09:00:00', NULL, 0, '2025-09-30'),
(12, 4,  'Reduce churn 1%',              NULL, 'ACTIVE',  '2025-02-15 09:00:00', NULL, 0, '2025-06-30'),
(13, 5,  'Add onboarding checklist',     NULL, 'ACTIVE',  '2025-03-02 09:00:00', NULL, 0, '2025-05-01'),
(14, 5,  'In-app walkthrough',           NULL, 'ACTIVE',  '2025-03-05 09:30:00', NULL, 0, '2025-04-15'),
(15, 6,  'Introduce Redis cache',        NULL, 'ACTIVE',  '2025-03-14 09:00:00', NULL, 0, '2025-04-01'),
(16, 6,  'Add query plan checks',        NULL, 'ON ICE',  '2025-03-20 08:00:00', NULL, 0, NULL),
(17, 7,  'Create component library',     NULL, 'ACTIVE',  '2025-03-22 11:00:00', NULL, 0, '2025-06-01'),
(18, 8,  'Add funnel viz',               NULL, 'ACTIVE',  '2025-03-12 09:00:00', NULL, 0, '2025-05-01'),
(19, 9,  'Increase mobile tests',        NULL, 'ACTIVE',  '2025-04-02 10:00:00', NULL, 0, '2025-06-01'),
(20, 10, 'Lazy-load charts',             NULL, 'ACTIVE',  '2025-04-03 09:20:00', NULL, 0, '2025-04-20'),
(21, 11, 'Secrets scan in CI',           NULL, 'ACTIVE',  '2025-04-11 10:00:00', NULL, 0, '2025-04-30'),
(22, 12, 'Bulk export sample',           NULL, 'ACTIVE',  '2025-04-21 12:00:00', NULL, 0, '2025-05-15'),
(23, 13, 'Benchmark harness v1',         NULL, 'ACTIVE',  '2025-04-30 09:00:00', NULL, 0, '2025-06-15'),
(24, 14, 'Close stale bugs',             NULL, 'ACTIVE',  '2025-05-06 09:00:00', '2025-06-06 12:00:00', 1, '2025-06-06'),
(25, 15, 'Create CTA variants',          NULL, 'ACTIVE',  '2025-05-13 10:00:00', NULL, 0, '2025-06-20'),
(26, 16, 'Alpha connector: Stripe',      NULL, 'ON ICE',  '2025-05-22 11:30:00', NULL, 0, NULL),
(27, 17, 'Migrate token store',          NULL, 'ACTIVE',  '2025-05-26 09:00:00', NULL, 0, '2025-06-10'),
(28, 18, 'Recruit pilot customers',      NULL, 'ACTIVE',  '2025-06-02 10:00:00', NULL, 0, '2025-07-01'),
(29, 19, 'Holiday campaign assets',      NULL, 'PLANNED', '2025-06-11 12:00:00', NULL, 0, '2025-10-01'),
(30, 20, 'Run incident drills',          NULL, 'ACTIVE',  '2025-06-16 10:00:00', NULL, 0, '2025-07-01'),
(31, 21, 'ML literature review',         NULL, 'ON ICE',  '2025-06-22 09:00:00', NULL, 0, NULL),
(32, 22, 'Blue-green deploy test',       NULL, 'ACTIVE',  '2025-06-27 09:30:00', NULL, 0, '2025-07-15'),
(33, 23, 'Mobile benchmark tests',       NULL, 'ACTIVE',  '2025-07-03 10:00:00', NULL, 0, '2025-08-01'),
(34, 24, 'Split JS bundles',             NULL, 'ACTIVE',  '2025-07-07 09:00:00', NULL, 0, '2025-08-01'),
(35, 25, 'Map SOC2 controls',            NULL, 'PLANNED', '2025-07-12 11:00:00', NULL, 0, '2025-09-01'),
(36, 26, 'Centralize logging',           NULL, 'ACTIVE',  '2025-07-14 09:00:00', NULL, 0, '2025-08-15'),
(37, 27, 'Collect refactor candidates',  NULL, 'ACTIVE',  '2025-07-18 14:30:00', NULL, 0, '2025-07-31'),
(38, 28, 'Harvest ideas from support',   NULL, 'ACTIVE',  '2025-07-19 10:00:00', NULL, 0, NULL),
(39, 29, 'Outline holiday offers',       NULL, 'PLANNED', '2025-07-22 16:00:00', NULL, 0, '2025-10-01'),
(40, 30, 'Write blog draft #1',          NULL, 'ACTIVE',  '2025-07-24 10:30:00', NULL, 0, '2025-08-01'),
(41, 31, 'Component docs',               NULL, 'ACTIVE',  '2025-07-26 09:30:00', NULL, 0, '2025-08-15'),
(42, 32, 'Metric naming',                NULL, 'ACTIVE',  '2025-07-28 09:30:00', NULL, 0, '2025-08-30'),
(43, 33, 'Add pre-commit hook',          NULL, 'ACTIVE',  '2025-07-30 09:10:00', NULL, 0, '2025-08-05'),
(44, 34, 'CTA audit v2',                 NULL, 'ACTIVE',  '2025-08-01 09:00:00', NULL, 0, '2025-08-12'),
(45, 35, 'Partner doc outline',          NULL, 'ACTIVE',  '2025-08-02 10:15:00', NULL, 0, '2025-08-20'),
(46, 36, 'Finalize tags API',            NULL, 'ACTIVE',  '2025-01-12 09:00:00', NULL, 0, '2025-02-15'),
(47, 37, 'Cache warming strategy',       NULL, 'ACTIVE',  '2025-01-18 09:30:00', NULL, 0, '2025-02-25'),
(48, 38, 'Experiment instrumentation',   NULL, 'ACTIVE',  '2025-02-06 10:00:00', NULL, 0, '2025-03-20'),
(49, 39, 'Flaky tests triage',           NULL, 'ACTIVE',  '2025-02-20 09:00:00', NULL, 0, '2025-03-30'),
(50, 40, 'Walkthrough script',           NULL, 'ACTIVE',  '2025-03-08 09:00:00', NULL, 0, '2025-04-10'),
(51,  1, 'Portfolio final review',       NULL, 'ACTIVE',  '2025-05-01 09:00:00', NULL, 0, '2025-08-10'),
(52,  2, 'Finalize simulation results',  NULL, 'ACTIVE',  '2025-05-10 09:00:00', NULL, 0, '2025-08-15'),
(53,  3, 'Run emergency drill',          NULL, 'ACTIVE',  '2025-05-15 09:00:00', NULL, 0, '2025-08-20'),
(54,  4, 'Monthly revenue report',       NULL, 'ACTIVE',  '2025-05-20 09:00:00', NULL, 0, '2025-08-31'),
(55,  5, 'New user checklist',           NULL, 'ACTIVE',  '2025-05-25 09:00:00', NULL, 0, '2025-09-01'),
(56,  6, 'DB optimization',              NULL, 'ACTIVE',  '2025-05-30 09:00:00', NULL, 0, '2025-09-10'),
(57,  7, 'Design tokens audit',          NULL, 'ACTIVE',  '2025-06-04 09:00:00', NULL, 0, '2025-09-15'),
(58,  8, 'Data hygiene',                 NULL, 'ACTIVE',  '2025-06-09 09:00:00', NULL, 0, '2025-09-20'),
(59,  9, 'Mobile regression',            NULL, 'ACTIVE',  '2025-06-14 09:00:00', NULL, 0, '2025-09-25'),
(60, 10, 'Docs search index',            NULL, 'ACTIVE',  '2025-06-19 09:00:00', NULL, 0, '2025-09-30'),
(61, 11, 'QA tech debt',                 NULL, 'ACTIVE',  '2025-06-24 09:00:00', NULL, 0, '2025-10-05'),
(62, 12, 'Sprint retrospective',         NULL, 'ACTIVE',  '2025-06-29 09:00:00', NULL, 0, '2025-10-10'),
(63, 13, 'Perf baseline run',            NULL, 'ACTIVE',  '2025-07-04 09:00:00', NULL, 0, '2025-10-15'),
(64, 14, 'Bug closure campaign',         NULL, 'ACTIVE',  '2025-07-09 09:00:00', NULL, 0, '2025-10-20'),
(65, 15, 'CTA experiment',               NULL, 'ACTIVE',  '2025-07-14 09:00:00', NULL, 0, '2025-10-25'),
(66, 16, 'Marketplace doc draft',        NULL, 'ACTIVE',  '2025-07-19 09:00:00', NULL, 0, '2025-11-01'),
(67, 17, 'Auth refactor follow-up',      NULL, 'ACTIVE',  '2025-07-24 09:00:00', NULL, 0, '2025-11-05'),
(68, 18, 'Customer check-ins',           NULL, 'ACTIVE',  '2025-07-29 09:00:00', NULL, 0, '2025-11-10'),
(69, 19, 'Holiday brief',                NULL, 'ACTIVE',  '2025-08-03 09:00:00', NULL, 0, '2025-11-15'),
(70, 20, 'Runbook test',                 NULL, 'ACTIVE',  '2025-08-08 09:00:00', NULL, 0, '2025-11-20'),
(71, 21, 'Add idea to DB',               NULL, 'ACTIVE',  '2025-08-13 09:00:00', NULL, 0, '2025-11-25'),
(72, 22, 'Docs examples update',         NULL, 'ACTIVE',  '2025-08-18 09:00:00', NULL, 0, '2025-11-30'),
(73, 23, 'UX follow up',                 NULL, 'ACTIVE',  '2025-08-23 09:00:00', NULL, 0, '2025-12-05'),
(74, 24, 'Design tokens final',          NULL, 'ACTIVE',  '2025-08-28 09:00:00', NULL, 0, '2025-12-10'),
(75, 25, 'Compliance doc prep',          NULL, 'ACTIVE',  '2025-09-02 09:00:00', NULL, 0, '2025-12-20');





SET FOREIGN_KEY_CHECKS = 1;